NTA_lat,NTA_long,Population
40.76835158791792,-73.80954590112775,51739.0
40.763352201155264,-73.86839559826987,23150.0
40.73489448639476,-73.78371636114144,17812.0
40.755733929854735,-73.98350302087132,28630.0
40.81805458849719,-73.85618761808409,53686.0
40.69120183503448,-73.76314607498037,48593.0
40.68796681288217,-73.96236332341726,34791.0
40.83782589267865,-73.92615881201503,37727.0
40.58840281805082,-73.98143050413951,29436.0
40.6173149605957,-73.9703258001996,20299.0
40.827900155002546,-73.86968191369107,35634.0
40.70353497043596,-73.87574826054426,32496.0
40.876513381930195,-73.89562209795781,50100.0
40.676155273601346,-73.81945921646091,75878.0
40.6536119760564,-73.97798272747355,20988.0
40.638042327711965,-73.89975089660601,83693.0
40.54033376720194,-74.20782757948685,20763.0
40.84905813130867,-73.90512194941381,51807.0
40.79037998138091,-73.97390784022548,132378.0
40.877142279045074,-73.87902106926857,40494.0
40.86768209053005,-73.8901836362078,54415.0
40.742675812407576,-73.75461549910108,28237.0
40.75257951269893,-73.86303630152253,52037.0
40.5790886862993,-73.97339094988965,17750.0
40.72615545587401,-73.86333861099067,28260.0
40.882156187836735,-73.858949122879,61321.0
40.78819127627854,-73.81564320134655,30773.0
40.67559942676986,-73.84704874573309,21376.0
40.640590131889915,-73.97619901935508,36891.0
40.66218792310775,-73.76448889899105,20132.0
40.69079510513449,-73.97488147952565,26079.0
40.647526284927736,-73.88241259897559,13354.0
40.73682434672817,-73.9840542975779,27988.0
40.67663761763486,-73.91364751083654,31935.0
40.81825954558028,-73.91285012599909,39214.0
40.8275124428439,-73.90235187026127,37865.0
40.83399611808212,-73.8858973508187,20277.0
40.72639943341965,-73.81866840459611,37479.0
40.72833317193866,-73.80244496724222,34034.0
40.754108969452595,-73.80729444050496,26982.0
40.71063933412504,-73.7611370511429,20269.0
40.657841468762136,-73.73945475132105,25063.0
40.86526567552461,-73.90591108498285,32496.0
40.85252203480638,-73.91597420552891,54188.0
40.703916526132,-73.95859674795682,32926.0
40.89953496820569,-73.9069847604234,27860.0
40.60491359561196,-73.94813559482512,38917.0
40.62092403927339,-73.95682458081475,52835.0
40.71545452531067,-73.74153181008387,52504.0
40.69442746765774,-73.79096387824596,38894.0
40.6461118953468,-73.9516232199433,29938.0
40.6145798899856,-73.91524588487795,45231.0
40.88240602000621,-73.91066684061103,30161.0
40.694540694422244,-73.83092640099397,62982.0
40.791130324535665,-73.88265513781992,11091.0
40.751035622989804,-73.78794881529473,19996.0
40.76149375451989,-73.91969704447682,78793.0
40.72065535481476,-73.77610063972261,25480.0
40.700560683154535,-73.91776601133527,57138.0
40.704368757648346,-73.79397966825385,53751.0
40.742348941749,-73.85837079063434,57658.0
40.706531363612704,-73.90171541060506,69317.0
40.738316417142556,-73.89217317475966,25521.0
40.68816824316435,-73.93188820624536,63504.0
40.85778148187093,-73.88586708731046,27378.0
40.84496706418226,-73.88552387705329,43423.0
40.71536854625292,-73.93679688042977,34158.0
40.842746663786684,-73.90031781559387,31078.0
40.85815440178615,-73.89953703434388,28262.0
40.76416511873816,-73.9923992723976,45884.0
40.74758077289947,-73.99901992342878,70150.0
40.77732494193296,-73.94868255727877,77942.0
40.86788284818757,-73.91766203747093,46746.0
40.69150749761983,-73.9499050211329,70713.0
40.80788646974493,-73.96254407122397,55929.0
40.696458816404906,-73.92511472597955,72101.0
40.804332644246934,-73.95129424485714,43383.0
40.69434146001008,-73.73555421066426,18677.0
40.618729466067954,-74.07370560707996,26453.0
40.76372843942197,-73.73693765999688,24739.0
40.8011684124129,-73.93734577107963,58019.0
40.771570382460126,-73.92833316728714,27814.0
40.76273268441473,-73.77342351074492,43808.0
40.67446900360093,-73.93929053594061,103169.0
40.735489628023046,-73.72665578734754,25287.0
40.745993478570256,-73.71102517964985,22571.0
40.66655893770658,-73.89536412006585,29343.0
40.7573118592526,-73.88532108050227,108152.0
40.715607062984,-73.99462954009593,47844.0
40.66400194868426,-73.9102548637828,58300.0
40.64394703597234,-73.93793003186316,50355.0
40.652364989454036,-73.92225092111902,55326.0
40.626273053875394,-73.93009687459897,64762.0
40.83774661945086,-73.857988846515,29821.0
40.720766121035,-74.00474750215801,42742.0
40.708007397485844,-74.01024580889407,39699.0
40.65238020582426,-74.01123625854488,54041.0
40.717841037362795,-73.980910550939,72957.0
40.6042602259382,-74.0074826443686,29931.0
40.76496428316049,-73.95508804905873,80771.0
40.75755983715688,-73.93874960665772,20030.0
40.58679198950333,-74.08551310571646,24835.0
40.60032103687097,-74.07177466676795,16079.0
40.780923219140085,-73.84280567084586,24275.0
40.66461062709398,-73.79861594419954,35590.5
40.79001128708913,-73.94575086002436,57902.0
40.61222181802147,-73.99526015577835,88727.0
40.601425353157644,-73.98354410301937,62978.0
40.54577851890854,-74.12835122251354,35590.5
40.818022678084475,-73.95382231943233,22950.0
40.807347132488246,-73.91682138430652,52413.0
40.864004852787474,-73.86490227801215,35538.0
40.774846583393455,-73.98469930623426,61489.0
40.67764232716247,-73.96758605431256,19849.0
40.6224386002368,-74.01209534451164,42419.0
40.624854623557155,-74.02988679847549,79371.0
40.68873094404904,-73.85576448007149,56674.0
40.67877154902519,-74.00389956866022,38353.0
40.67122829682977,-73.9839032868623,67649.0
40.580922842200685,-73.9612157959808,35547.0
40.599954285979734,-73.96433366873585,44316.0
40.57648122289529,-73.99123405592606,31965.0
40.616884471488305,-74.12535267818313,24102.0
40.63897114145984,-74.10231018500836,33551.0
40.754313184142795,-73.969018457856,51231.0
40.8979309523011,-73.85221587988438,42483.0
40.872461131701534,-73.84799806584263,1906.0
40.66094626441516,-73.87683924673846,91958.0
40.65817283235107,-73.8448871234811,26148.0
40.63094965530206,-73.98866123041203,106357.0
40.729499700807246,-73.94951695167907,34719.0
40.83210042759504,-73.84864267680445,27248.0
40.586559675799926,-74.13297490106345,30714.0
40.873979648142395,-73.82827934026612,43752.0
40.77472985232449,-73.96117409546248,61207.0
40.81825704827704,-73.9407715246055,75282.0
40.827033666910694,-73.94846693409417,48520.0
40.68217801866513,-73.8783344135671,49223.0
40.637900275760934,-73.96097028863977,105804.0
40.72762033383255,-73.98593461195252,44136.0
40.73304509562114,-74.0015466372372,66880.0
40.83051123046775,-73.91578860603548,62284.0
40.82899723894171,-73.92439888928251,39282.0
40.71833790869767,-73.8800535211673,37929.0
40.739494889149,-73.8771183268101,88427.0
40.71491531202915,-73.95862346789869,45774.0
40.84170651959694,-73.9413997364771,84438.0
40.78794252871055,-73.95480022002575,1849.0
40.83416510207033,-73.87228720813977,35011.0
40.74308450685255,-73.81964130040596,20800.0
40.64188919436901,-74.00464613077847,72340.0
40.85440419560324,-73.85439415452791,30073.0
40.71159464381615,-73.80871182405201,39138.0
40.708057064978334,-73.82870070870557,23278.0
40.85710625070862,-73.9328333834672,67136.0
40.76109341292025,-73.82886536759752,72008.0
40.864473327711245,-73.84742993441685,28903.0
40.675916830931094,-73.74452524140894,24453.0
40.84659693662345,-73.8064931176088,26583.0
40.561996180014745,-74.12259011864387,22049.0
40.55186011949582,-74.15088962486898,40720.0
40.528645101063105,-74.18773391921759,27770.0
40.525527984674724,-74.23355367045801,23313.0
40.60244626135848,-73.75531195191157,50058.0
40.630050007081216,-74.10286114917746,17525.0
40.82333237464716,-73.82358795790547,44167.0
40.73977233207323,-73.93121209200034,63271.0
40.88093721535438,-73.83664062764922,34517.0
40.69546846088989,-73.99486984638675,22887.0
40.57176579450207,-74.10500837353116,21896.0
40.61797302808805,-74.08783920014451,22460.0
40.57148479270609,-73.87647357091808,28018.0
40.59405971011894,-73.78962139431397,36885.0
40.69292731152471,-73.98598652422982,34495.0
40.59586510626867,-74.17636527723057,39597.0
40.552659638767565,-74.18848213217112,25238.0
40.74422103839783,-73.9775154803447,50742.0
40.731811743434726,-73.97656325695826,21049.0
40.74927804184557,-73.90373166031507,45099.0
40.84678571296774,-73.85066353057776,29250.0
40.72399512905009,-73.90232988043324,30516.0
40.658744262387785,-73.94744157690593,67459.0
40.66653550984713,-73.94877561651239,39670.0
40.77741722310929,-73.90540613741359,47534.0
40.783329944305535,-73.78596157151313,21751.0
40.58829946031913,-73.94151065111895,64518.0
40.62309491347943,-73.91958830094578,418.0
40.81967506615691,-73.89895677783043,26196.0
40.67209021092979,-73.77303860760561,25409.0
40.67895334366065,-73.79098745213146,34603.0
40.72143075227868,-73.84767281529506,83728.0
40.69030234217424,-73.83276348348065,436.0
40.812089064078236,-73.88554684118738,27204.0
40.63130730484034,-74.16737144321361,31474.0
40.62816722670551,-74.14078722784741,20191.0
